1	The Silent Ocean	Lois Gonzales	20	2
2	Introduction to Linear Algebra	Joseph Harris	8	4
3	Introduction to Programming	Patricia Brown	13	3
4	Principles of Economics	Jerry Woods	3	1
5	The Mind Explained	Michelle Evans	2	3
6	Classical Mechanics	Ruth Turner	9	2
7	Beyond the Horizon	Mark Mitchell	20	1
8	Human Anatomy	Nancy Walker	7	5
9	Introduction to Law	Jerry Woods	6	2
10	Computer Networks	Susan White	13	4
11	The Nature of Being	Patrick Diaz	1	3
12	Introduction to Quantum Physics	Jerry Woods	9	2
13	World History	Ann Coleman	19	3
14	Organic Chemistry	Barbara Moore	10	4
15	Strategic Management	Cheryl Hughes	4	2
16	Stars of Andromeda	Ryan Torres	21	1
17	The Art of French Cooking	John Davis	16	5
18	Music Theory Basics	Patricia Brown	18	2
19	Cell Biology	Barbara Moore	11	3
20	The History of Football	Donna Carter	17	4
21	The Last Letter	Carol Perez	20	2
22	Comparative Politics	Jonathan Bennett	5	3
23	The Wealth of Markets	Judith Washington	3	4
24	English Grammar in Use	Patricia Brown	14	2
25	Educational Psychology	Doris Perry	15	3
26	Calculus Made Clear	Sandra Baker	8	4
27	Electromagnetism	Rose Graham	9	5
28	Inorganic Chemistry	Angela Alexander	10	2
29	Whispers of the Wind	Denise Ford	20	1
30	Cognitive Behavior	Ann Coleman	2	3
31	Macroeconomic Theory	Janet Ward	3	2
32	Reflections on Ethics	Mark Mitchell	1	4
33	Ancient Civilizations	Frances Ramirez	19	3
34	Database Systems	Cheryl Hughes	13	5
35	Constitutional Law	Michelle Evans	6	2
36	Fundamentals of Medicine	James Wilson	7	3
37	The Garden of Memories	Christopher King	20	1
38	Marketing Fundamentals	Denise Ford	4	4
39	The Last Colony	Ryan Torres	21	2
40	Italian Home Cooking	Rebecca Cook	16	3
41	The History of Jazz	Michelle Evans	18	2
42	Molecular Biology	Karen Hall	11	4
43	Operating Systems	Donna Carter	13	3
44	Basketball Strategy	Rebecca Cook	17	5
45	The State and Society	Susan White	5	2
46	The Art of Writing	Barbara Moore	14	3
47	Teaching Methods	Timothy Rivera	15	2
48	Discrete Mathematics	Richard Jackson	8	4
49	Silver Rain	Kimberly Bell	20	1
50	The Forgotten City	Edward Morgan	20	2
51	Thermodynamics Basics	Judith Washington	9	3
52	Physical Chemistry	Sharon Campbell	10	4
53	The Mind and the World	Jennifer Miller	1	2
54	Introduction to Psychology	Louise Wallace	2	3
55	Behavioral Economics	Gary James	3	5
56	Business Ethics	Larry Henderson	4	2
57	Introduction to Biochemistry	Margaret Lewis	10	3
58	Criminal Justice	Timothy Rivera	6	4
59	Clinical Diagnosis	David Thomas	7	2
60	The Silent Ocean	Justin Jenkins	20	1
61	Algorithms and Data Structures	Laura Collins	13	3
62	Number Theory Basics	Gregory Foster	8	4
63	Modern Physics	Kathleen Simmons	9	5
64	Broken Mirrors	Ronald Murphy	20	1
65	Analytical Chemistry	Marilyn Long	10	2
66	Introduction to Genetics	Matthew Adams	11	3
67	The Lean Startup	Jack Hamilton	4	4
68	Mechanical Engineering	William Anderson	12	2
69	Japanese Cuisine	Jennifer Miller	16	3
70	Classical Composers	Samuel Russell	18	4
71	Foundations of Modern Philosophy	Carol Perez	1	2
72	The Emotional Brain	Laura Collins	2	3
73	Introduction to Microeconomics	David Thomas	3	2
74	Organizational Behavior	Carol Perez	4	5
75	Political Theory	Richard Jackson	5	3
76	Contract Law Basics	Timothy Rivera	6	2
77	The Traveler's Return	Michelle Evans	20	1
78	Pharmacology Basics	Gary James	7	4
79	Introduction to Statistics	Lois Gonzales	8	3
80	Machines That Dream	Ronald Murphy	21	2
81	Optics and Waves	Christopher King	9	4
82	Polymer Science	Christine Bailey	10	3
83	The Time Traveler's Handbook	Kimberly Bell	21	2
84	Evolutionary Biology	Anthony Nelson	11	5
85	Electrical Engineering	Amy Griffin	12	3
86	Machine Learning	Andrew Parker	13	4
87	Under the Autumn Sky	Denise Ford	20	1
88	Linguistics Fundamentals	Alice Hayes	14	2
89	Curriculum Design	Raymond Bryant	15	3
90	Baking Basics	Elizabeth Taylor	16	4
91	Memory and Learning	Judith Washington	2	3
92	Running for Fitness	Lois Gonzales	17	2
93	The Piano Method	Betty Wright	18	3
94	The Roman Empire	Larry Henderson	19	4
95	Stone and Water	Louise Wallace	20	1
96	Beyond the Singularity	Ruth Turner	21	2
97	World Religions	Christopher King	22	3
98	The Republic Revisited	Alice Watson	1	2
99	Social Psychology Today	Timothy Rivera	2	4
100	Global Trade	Andrew Parker	3	3
101	Introduction to Management	Lois Gonzales	4	2
102	Democracy in Practice	Alexander Myers	5	4
103	Real Analysis	Doris Perry	8	3
104	International Law	Mark Mitchell	6	2
105	Internal Medicine	Alice Hayes	7	3
106	Abstract Algebra	Deborah Rogers	8	5
107	Statistical Mechanics	Linda Martinez	9	2
108	Chemistry of Materials	Carol Perez	10	4
109	The Winter Sonata	John Davis	20	1
110	Ecology and Environment	Kevin Morris	11	3
111	Civil Engineering	Marie Cox	12	2
112	Web Development	Andrew Parker	13	4
113	Spanish for Beginners	William Anderson	14	3
114	Learning Theory	Donna Carter	15	2
115	Vegetarian Kitchen	Scott Powell	16	3
116	International Relations	Rose Graham	5	4
117	Yoga for Everyone	Kevin Morris	17	2
118	Guitar for Beginners	Donna Carter	18	3
119	European History	Angela Alexander	19	5
120	Between the Pages	Julie Price	20	1
121	The Quantum Thief	Jason Richardson	21	2
122	Introduction to Buddhism	Raymond Bryant	22	3
123	On Free Will	Gary James	1	2
124	Developmental Stages	Charles Young	2	4
125	Monetary Policy	Sharon Campbell	3	3
126	Leadership Principles	Nancy Walker	4	2
127	Public Policy	Ruth Turner	5	3
128	Legal Reasoning	Doris Perry	6	4
129	Marine Biology	Larry Henderson	11	3
130	Surgery Principles	Sharon Campbell	7	2
131	Differential Equations	Brandon Patterson	8	4
132	Relativity Explained	Ryan Torres	9	3
133	Introduction to Biochemistry	Brandon Patterson	10	2
134	Voices in the Dark	Marie Cox	20	1
135	Plant Biology	Ronald Murphy	11	4
136	Chemical Engineering Basics	Mark Mitchell	12	3
137	Introduction to Cybersecurity	Nancy Walker	13	5
138	Introduction to Chinese	Cynthia Wood	14	2
139	Classroom Management	Julie Price	15	3
140	The Complete Baker	Barbara Moore	16	2
141	Introduction to Opera	Michael Garcia	18	3
142	Tennis Fundamentals	Joseph Harris	17	4
143	Songwriting Guide	Karen Hall	18	2
144	The Cold War	Gregory Foster	19	3
145	The Bookkeeper's Daughter	Christopher King	20	1
146	Echoes from Deep Space	Alice Hayes	21	2
147	Christian Theology	Ryan Torres	22	4
148	The Meaning of Existence	Benjamin Flores	1	3
149	The Unconscious Mind	William Anderson	2	2
150	Economic History	Anna Cooper	3	4
151	Corporate Finance	Timothy Rivera	4	3
152	Modern Governance	Benjamin Flores	5	2
153	The Rule of Law	Alice Watson	6	3
154	Pediatric Medicine	Beverly Ross	7	4
155	Introduction to Linear Algebra	Steven Phillips	8	2
156	Particle Physics	Justin Jenkins	9	3
157	Chemical Kinetics	Mary Johnson	10	5
158	Moonlit Path	Alice Hayes	20	2
159	Human Biology	Dennis Sullivan	11	3
160	Materials Engineering	Joseph Harris	12	2
161	Cloud Computing	Alice Hayes	13	4
162	French Grammar	Larry Henderson	14	3
163	Educational Technology	Andrew Parker	15	2
164	Spanish Tapas	Raymond Bryant	16	3
165	Swimming Techniques	Rebecca Cook	17	4
166	Music Production	Joseph Harris	18	2
167	Medieval Europe	Laura Collins	19	3
168	The Cartographer	Catherine Peterson	20	1
169	The Neural Web	Christopher King	21	2
170	The Study of Islam	Gary James	22	4
171	Rationality and Reason	James Wilson	1	3
172	Personality Theories	Dennis Sullivan	2	2
173	Game Theory Basics	Dennis Sullivan	3	3
174	Operations Management	Sharon Campbell	4	4
175	Political Ideologies	Jonathan Bennett	5	2
176	Property Law	Daniel Scott	6	3
177	The Immune System	Jonathan Bennett	7	2
178	Topology Fundamentals	Susan White	8	4
179	Astrophysics Today	Gregory Foster	9	3
180	Green Chemistry	George Stewart	10	2
181	The Painter's Room	Lois Gonzales	20	1
182	Microbiology Basics	Jonathan Bennett	11	3
183	Software Engineering	Judith Washington	12	4
184	Artificial Intelligence	Sandra Baker	13	2
185	The History of English	Karen Hall	14	3
186	Special Education	Christine Bailey	15	2
187	Modern Desserts	Christopher King	16	4
188	Sports Psychology	Ann Coleman	17	3
189	The World of Rock	Beverly Ross	18	2
190	The Industrial Revolution	James Wilson	19	3
191	Beyond the Horizon	Benjamin Flores	20	1
192	The Mars Chronicles	Deborah Rogers	21	2
193	Hindu Philosophy	Eric Sanders	22	4
194	The Good Life	Robert Smith	1	3
195	Perception and Reality	Joseph Harris	2	2
196	The Free Market	Ronald Murphy	3	3
197	Business Strategy	Emily Sanchez	4	2
198	The Nature of Power	Paul Roberts	5	4
199	Tort Law Principles	Linda Martinez	6	2
200	Cardiology Essentials	Paul Roberts	7	3
201	Probability Theory	Scott Powell	8	5
202	Solid State Physics	David Thomas	9	2
203	Nuclear Chemistry	David Thomas	10	3
204	The Weight of Silence	Louise Wallace	20	1
205	Neurobiology	Eric Sanders	11	4
206	Systems Engineering	William Anderson	12	2
207	Software Design	Larry Henderson	13	3
208	Phonetics and Phonology	Thomas Robinson	14	2
209	Higher Education Today	Thomas Robinson	15	3
210	The Home Chef	Samuel Russell	16	4
211	Golf for Beginners	Nicholas Kim	17	2
212	Music and the Brain	Justin Jenkins	18	3
213	American History	Betty Wright	19	2
214	The River's Edge	Sharon Campbell	20	1
215	The Genetic Frontier	Beverly Ross	21	3
216	Comparative Religion	Judith Washington	22	2
217	Introduction to Metaphysics	Ryan Torres	1	4
218	Clinical Psychology	Donna Carter	2	3
219	Economics of Development	Ann Coleman	3	2
220	Entrepreneurship Today	Louise Wallace	4	3
221	Constitutional Politics	Alexander Myers	5	4
222	Legal Ethics	Sandra Baker	6	2
223	Public Health	Rose Graham	7	3
224	Mathematical Logic	Emily Sanchez	8	2
225	Fluid Dynamics	Marie Cox	9	4
226	Medicinal Chemistry	Amy Griffin	10	3
227	Letters from Nowhere	Angela Alexander	20	1
228	Systems Biology	Christine Bailey	11	2
229	Aerospace Engineering	Jacob Gray	12	3
230	Computer Architecture	Stephen Barnes	13	5
231	Sociolinguistics	Frances Ramirez	14	2
232	The Philosophy of Education	Margaret Lewis	15	3
233	Grilling Guide	Ruth Turner	16	2
234	Cycling Training	Mark Mitchell	17	4
235	Musical Instruments	William Anderson	18	2
236	History of Science	Rebecca Cook	19	3
237	The Empty Chair	Robert Smith	20	1
238	The Silent Signal	Cheryl Hughes	21	2
239	The History of Judaism	Justin Jenkins	22	3
240	The Limits of Knowledge	Carol Perez	1	2
241	The Psychology of Motivation	Cheryl Hughes	2	4
242	Financial Systems	Mark Mitchell	3	3
243	Human Resources	James Wilson	4	2
244	Political Economy	Elizabeth Taylor	5	3
245	Comparative Legal Systems	Jack Hamilton	6	4
246	Preventive Medicine	Gregory Foster	7	2
247	Applied Mathematics	Linda Martinez	8	3
248	Introduction to Quantum Physics	Carol Perez	9	4
249	Environmental Chemistry	William Anderson	10	2
250	The Long Road Home	John Davis	20	1
