1	57	3	2026-04-02T10:15	2026-04-15T14:22
2	118	9	2026-04-03T13:40	2026-04-11T09:05
3	23	17	2026-04-05T09:12	
4	206	3	2026-04-06T15:33	2026-04-27T11:18
5	91	28	2026-04-07T11:20	2026-04-20T16:44
6	145	9	2026-04-08T14:55	2026-04-30T10:12
7	72	42	2026-04-10T10:05	2026-04-24T13:37
8	14	17	2026-04-11T16:22	
9	188	3	2026-04-12T12:40	2026-05-02T15:10
10	230	35	2026-04-13T09:30	2026-04-26T14:20
11	46	11	2026-04-14T15:15	2026-05-01T10:45
12	163	28	2026-04-15T11:50	2026-05-08T16:30
13	103	42	2026-04-16T14:10	
14	5	22	2026-04-17T10:25	2026-04-29T13:15
15	239	9	2026-04-18T16:45	2026-05-05T11:20
16	80	48	2026-04-20T09:55	2026-05-12T14:40
17	127	17	2026-04-21T13:20	2026-05-06T10:15
18	195	3	2026-04-22T11:30	2026-05-10T15:50
19	38	35	2026-04-23T15:40	2026-05-14T12:25
20	171	11	2026-04-24T10:10	
21	62	42	2026-04-25T14:35	2026-05-15T11:05
22	218	28	2026-04-26T09:20	2026-05-11T16:15
23	109	22	2026-04-27T13:45	2026-05-18T10:30
24	154	48	2026-04-28T16:10	2026-05-13T14:20
25	31	9	2026-04-29T11:25	2026-05-20T15:40
26	246	17	2026-04-30T15:50	
27	86	3	2026-05-01T10:15	2026-05-22T13:30
28	176	35	2026-05-02T14:40	2026-05-19T11:15
29	52	11	2026-05-03T09:05	2026-05-24T16:45
30	135	42	2026-05-04T13:30	2026-05-21T10:20
31	199	22	2026-05-05T16:55	
32	68	28	2026-05-06T11:20	2026-05-26T14:35
33	20	48	2026-05-07T15:45	2026-05-23T12:10
34	158	9	2026-05-08T10:10	2026-05-28T15:25
35	113	17	2026-05-09T14:35	
36	234	3	2026-05-10T09:00	2026-05-30T13:50
37	42	35	2026-05-11T13:25	2026-06-01T11:40
38	181	11	2026-05-12T16:50	2026-06-03T14:15
39	95	42	2026-05-13T11:15	2026-06-02T10:30
40	147	22	2026-05-14T15:40	2026-06-05T16:20
41	26	28	2026-05-15T10:05	
42	211	48	2026-05-16T14:30	2026-06-06T13:45
43	74	9	2026-05-17T09:55	2026-06-08T15:10
44	222	17	2026-05-18T13:20	2026-06-07T11:25
45	48	3	2026-05-19T16:45	2026-06-11T14:50
46	165	35	2026-05-20T11:10	
47	119	11	2026-05-21T15:35	2026-06-10T12:20
48	83	42	2026-05-22T10:00	2026-06-13T16:35
49	205	22	2026-05-23T14:25	2026-06-12T13:15
50	11	28	2026-05-24T09:50	2026-06-15T10:40
51	193	48	2026-05-25T13:15	
52	141	9	2026-05-27T16:40	2026-06-16T14:05
53	57	17	2026-05-28T11:05	2026-06-18T15:30
54	228	3	2026-05-29T15:30	2026-06-17T11:50
55	64	35	2026-05-30T10:55	2026-06-20T14:25
56	122	11	2026-06-01T14:20	2026-06-19T10:15
57	178	42	2026-06-02T09:45	
58	35	22	2026-06-03T13:10	2026-06-22T15:40
59	241	28	2026-06-04T16:35	2026-06-24T12:00
60	99	48	2026-06-05T11:00	
61	152	9	2026-06-06T15:25	2026-06-23T13:50
62	78	3	2026-06-07T10:50	2026-06-25T16:10
63	215	17	2026-06-08T14:15	
64	16	35	2026-06-09T09:40	2026-06-26T11:35
65	167	11	2026-06-10T13:05	2026-06-28T14:20
66	107	42	2026-06-11T16:30	2026-06-27T10:45
67	186	22	2026-06-12T10:55	
68	54	28	2026-06-13T14:20	2026-06-30T15:10
69	244	48	2026-06-14T09:45	2026-07-01T13:25
70	124	9	2026-06-15T13:10	
71	89	3	2026-06-16T16:35	2026-07-02T11:50
72	220	17	2026-06-17T11:00	
73	43	35	2026-06-18T15:25	
74	159	11	2026-06-19T10:50	
75	131	42	2026-06-22T14:15	
76	203	22	2026-06-24T09:40	
77	7	28	2026-06-26T13:05	
78	174	48	2026-06-28T16:30	
79	111	9	2026-06-30T10:55	
80	66	3	2026-07-02T14:20	
81	1	3	2026-07-03T20:29:39.886786100	2026-07-03T22:53:24.930753300
82	2	9	2026-07-03T20:40:23.018177400	2026-07-03T22:53:09.177507200
83	1	1	2026-07-14T12:07:13.034582100	
