1	John Smith
2	Mary Johnson
3	Michael Brown
4	John Smith
5	Mary Johnson
6	Michael Brown
7	David Smith
8	Sarah Smith
9	Robert Johnson
10	Emily Johnson
11	James Brown
12	William Davis
13	Patricia Miller
14	Richard Garcia
15	Susan Wilson
16	Charles Martinez
17	Barbara Anderson
18	Thomas Taylor
19	Nancy Thomas
20	Christopher Jackson
21	Karen White
22	Daniel Harris
23	Betty Martin
24	Matthew Thompson
25	Helen Robinson
26	Anthony Clark
27	Sandra Rodriguez
28	Donald Lewis
29	Donna Lee
30	Steven Walker
31	Sharon Hall
32	Paul Allen
33	Ruth Young
34	Andrew Hernandez
35	Michelle King
36	Joshua Wright
37	Laura Lopez
38	Kenneth Hill
39	Emily Scott
40	George Green
41	Amanda Adams
42	Kevin Baker
43	Kimberly Gonzalez
44	Brian Nelson
45	Amy Carter
46	Edward Mitchell
47	Angela Perez
48	Ronald Roberts
49	Ashley Turner
50	Timothy Phillips
